INSERT INTO Estado(ID_Estado, nombreEstado) VALUES ( 0 , 'Pendiente' );
INSERT INTO Estado(ID_Estado, nombreEstado) VALUES ( 1 , 'Abierto' );
INSERT INTO Estado(ID_Estado, nombreEstado) VALUES ( 2 , 'Cerrado' );

INSERT INTO Institucion(ID_Institucion, nombreInstitucion, coordinador) VALUES ( 0  , 'The Ruler'             , 'Adora Vilalta'                        );
INSERT INTO Institucion(ID_Institucion, nombreInstitucion, coordinador) VALUES ( 1  , 'Commander'             , 'Cayetano Parejo Poza'                 );
INSERT INTO Institucion(ID_Institucion, nombreInstitucion, coordinador) VALUES ( 2  , 'Alpha Bravo'           , 'Jose Ignacio Teodoro Estévez Baquero' );
INSERT INTO Institucion(ID_Institucion, nombreInstitucion, coordinador) VALUES ( 3  , 'Team Empire'           , 'Juan Luis del Ferreras'               );
INSERT INTO Institucion(ID_Institucion, nombreInstitucion, coordinador) VALUES ( 4  , 'Daredevils'            , 'Duilio Prado Reina'                   );
INSERT INTO Institucion(ID_Institucion, nombreInstitucion, coordinador) VALUES ( 5  , 'Deadly Devils'         , 'Félix Lino Serna Saldaña'             );
INSERT INTO Institucion(ID_Institucion, nombreInstitucion, coordinador) VALUES ( 6  , 'Sweet Shots'           , 'Florentina Martorell Delgado'         );
INSERT INTO Institucion(ID_Institucion, nombreInstitucion, coordinador) VALUES ( 7  , 'Team 3D'               , 'Mercedes de Cabrera'                  );
INSERT INTO Institucion(ID_Institucion, nombreInstitucion, coordinador) VALUES ( 8  , 'Squad Up'              , 'Alicia del Montes'                    );
INSERT INTO Institucion(ID_Institucion, nombreInstitucion, coordinador) VALUES ( 9  , 'Techie Taut'           , 'Felisa Galiano'                       );
INSERT INTO Institucion(ID_Institucion, nombreInstitucion, coordinador) VALUES ( 10 , 'Dream chaser'          , 'Alicia Alonso Vallejo'                );
INSERT INTO Institucion(ID_Institucion, nombreInstitucion, coordinador) VALUES ( 11 , 'Dafuq Gaming'          , 'Carlito Catalán Tamarit'              );
INSERT INTO Institucion(ID_Institucion, nombreInstitucion, coordinador) VALUES ( 12 , 'Yard Boys'             , 'Maricela Exposito Requena'            );
INSERT INTO Institucion(ID_Institucion, nombreInstitucion, coordinador) VALUES ( 13 , 'Gentlemen'             , 'Francisca del Rodríguez'              );
INSERT INTO Institucion(ID_Institucion, nombreInstitucion, coordinador) VALUES ( 14 , 'Periodic Domination'   , 'Silvestre Cabanillas'                 );
INSERT INTO Institucion(ID_Institucion, nombreInstitucion, coordinador) VALUES ( 15 , 'DP Gaming'             , 'Valentina Uría Mariscal'              );
INSERT INTO Institucion(ID_Institucion, nombreInstitucion, coordinador) VALUES ( 16 , 'We Own All'            , 'Andrés Marti Pla'                     );
INSERT INTO Institucion(ID_Institucion, nombreInstitucion, coordinador) VALUES ( 17 , 'Battle Rifles'         , 'Teodoro Andrade Barrena'              );
INSERT INTO Institucion(ID_Institucion, nombreInstitucion, coordinador) VALUES ( 18 , 'Bullets'               , 'Isaías Almansa'                       );
INSERT INTO Institucion(ID_Institucion, nombreInstitucion, coordinador) VALUES ( 19 , 'Invictus Gaming'       , 'Estela Patiño Aragón'                 );
INSERT INTO Institucion(ID_Institucion, nombreInstitucion, coordinador) VALUES ( 20 , 'The team Gama'         , 'Marisol Badía Menendez'               );
INSERT INTO Institucion(ID_Institucion, nombreInstitucion, coordinador) VALUES ( 21 , 'Warrior Gamers'        , 'Roldán de Tello'                      );
INSERT INTO Institucion(ID_Institucion, nombreInstitucion, coordinador) VALUES ( 22 , 'Fireflies'             , 'Severino de Almansa'                  );
INSERT INTO Institucion(ID_Institucion, nombreInstitucion, coordinador) VALUES ( 23 , 'Orange Esports'        , 'Gabriela Cases'                       );
INSERT INTO Institucion(ID_Institucion, nombreInstitucion, coordinador) VALUES ( 24 , 'Full Of Hits'          , 'Noemí Navarro Verdú'                  );
INSERT INTO Institucion(ID_Institucion, nombreInstitucion, coordinador) VALUES ( 25 , 'Evil Geniuses'         , 'Juan Pablo Amorós Vilalta'            );
INSERT INTO Institucion(ID_Institucion, nombreInstitucion, coordinador) VALUES ( 26 , 'The pro robber'        , 'Fabiana Marin Sáenz'                  );
INSERT INTO Institucion(ID_Institucion, nombreInstitucion, coordinador) VALUES ( 27 , 'ROX Tigers'            , 'Conrado Amorós-Palomar'               );
INSERT INTO Institucion(ID_Institucion, nombreInstitucion, coordinador) VALUES ( 28 , 'The Folks'             , 'Hipólito de Zabala'                   );
INSERT INTO Institucion(ID_Institucion, nombreInstitucion, coordinador) VALUES ( 29 , 'Ninjas In Pyjamas'     , 'Trini Cantero Dávila'                 );
INSERT INTO Institucion(ID_Institucion, nombreInstitucion, coordinador) VALUES ( 30 , 'Never Surrender'       , 'Tania de Ferrera'                     );
INSERT INTO Institucion(ID_Institucion, nombreInstitucion, coordinador) VALUES ( 31 , 'Evil Geniuses'         , 'Aurelia Carrera Machado'              );
INSERT INTO Institucion(ID_Institucion, nombreInstitucion, coordinador) VALUES ( 32 , 'You Okay?'             , 'Camilo Marín Castell'                 );
INSERT INTO Institucion(ID_Institucion, nombreInstitucion, coordinador) VALUES ( 33 , 'Force'                 , 'Apolonia Álamo Gordillo'              );
INSERT INTO Institucion(ID_Institucion, nombreInstitucion, coordinador) VALUES ( 34 , 'Crazy Tronners'        , 'Leyre Borja Cózar'                    );
INSERT INTO Institucion(ID_Institucion, nombreInstitucion, coordinador) VALUES ( 35 , 'Dunkin No Donuts'      , 'Fabián Vilanova Acosta'               );
INSERT INTO Institucion(ID_Institucion, nombreInstitucion, coordinador) VALUES ( 36 , 'Angry Apes'            , 'Heraclio Ángel Merino'                );
INSERT INTO Institucion(ID_Institucion, nombreInstitucion, coordinador) VALUES ( 37 , 'Tricky Potatoes'       , 'Juan Sánchez Cazorla'                 );
INSERT INTO Institucion(ID_Institucion, nombreInstitucion, coordinador) VALUES ( 38 , 'Pink Thugs'            , 'Pepito de Castillo'                   );
INSERT INTO Institucion(ID_Institucion, nombreInstitucion, coordinador) VALUES ( 39 , 'Wings Gaming'          , 'Apolonia Portillo'                    );
INSERT INTO Institucion(ID_Institucion, nombreInstitucion, coordinador) VALUES ( 40 , 'Hummingbirds'          , 'Francisco Javier de Arias'            );
INSERT INTO Institucion(ID_Institucion, nombreInstitucion, coordinador) VALUES ( 41 , 'Petite Devils'         , 'Griselda Cabezas Azcona'              );
INSERT INTO Institucion(ID_Institucion, nombreInstitucion, coordinador) VALUES ( 42 , 'Mamas Boys'            , 'Régulo Padilla Quintana'              );
INSERT INTO Institucion(ID_Institucion, nombreInstitucion, coordinador) VALUES ( 43 , 'Game Changers'         , 'Lázaro Amorós Ortega'                 );
INSERT INTO Institucion(ID_Institucion, nombreInstitucion, coordinador) VALUES ( 44 , 'Team Liquid'           , 'Encarna de Galiano'                   );
INSERT INTO Institucion(ID_Institucion, nombreInstitucion, coordinador) VALUES ( 45 , 'Bravehearted'          , 'Glauco de Baños'                      );
INSERT INTO Institucion(ID_Institucion, nombreInstitucion, coordinador) VALUES ( 46 , 'COGnitive Gaming'      , 'Nilda Benítez Chamorro'               );
INSERT INTO Institucion(ID_Institucion, nombreInstitucion, coordinador) VALUES ( 47 , 'BeerBandits'           , 'Brígida Tejera'                       );
INSERT INTO Institucion(ID_Institucion, nombreInstitucion, coordinador) VALUES ( 48 , 'Fnatic'                , 'Isabela Nieves Perera Santiago'       );
INSERT INTO Institucion(ID_Institucion, nombreInstitucion, coordinador) VALUES ( 49 , 'Yippee Ki Yay'         , 'Flavio Infante Donoso'                );
INSERT INTO Institucion(ID_Institucion, nombreInstitucion, coordinador) VALUES ( 50 , 'The Misconducting Men' , 'Hernando Moreno'                      );

INSERT INTO Emergencia(ID_Emergencia, nombreEmergencia, requerimientos, latitud_Eme, longitud_Eme, ID_Institucion, ID_Estado) VALUES ( 0  , 'Erupcion Volcanica' , 'Automovil'  , -70.64505046292976 , -33.439188052276740 , 0  , 0 );
INSERT INTO Emergencia(ID_Emergencia, nombreEmergencia, requerimientos, latitud_Eme, longitud_Eme, ID_Institucion, ID_Estado) VALUES ( 1  , 'Maremoto'           , 'Escalera'   , -70.72179164887092 , -33.403522719349280 , 1  , 1 );
INSERT INTO Emergencia(ID_Emergencia, nombreEmergencia, requerimientos, latitud_Eme, longitud_Eme, ID_Institucion, ID_Estado) VALUES ( 2  , 'Tsunami'            , 'Lancha'     , -70.59335645179831 , -32.853947186053580 , 2  , 2 );
INSERT INTO Emergencia(ID_Emergencia, nombreEmergencia, requerimientos, latitud_Eme, longitud_Eme, ID_Institucion, ID_Estado) VALUES ( 3  , 'Avalancha'          , 'Casco'      , -70.74551716899980 , -33.469165299248240 , 3  , 0 );
INSERT INTO Emergencia(ID_Emergencia, nombreEmergencia, requerimientos, latitud_Eme, longitud_Eme, ID_Institucion, ID_Estado) VALUES ( 4  , 'Alud'               , 'Linternas'  , -70.59785685905615 , -33.585914640698770 , 4  , 1 );
INSERT INTO Emergencia(ID_Emergencia, nombreEmergencia, requerimientos, latitud_Eme, longitud_Eme, ID_Institucion, ID_Estado) VALUES ( 5  , 'Corrimientos'       , 'Camion'     , -70.78679478083538 , -33.601054365440130 , 5  , 2 );
INSERT INTO Emergencia(ID_Emergencia, nombreEmergencia, requerimientos, latitud_Eme, longitud_Eme, ID_Institucion, ID_Estado) VALUES ( 6  , 'Aluviones'          , 'Bote'       , -70.51723411529599 , -33.380628890235760 , 6  , 0 );
INSERT INTO Emergencia(ID_Emergencia, nombreEmergencia, requerimientos, latitud_Eme, longitud_Eme, ID_Institucion, ID_Estado) VALUES ( 7  , 'Inundacion'         , 'Hacha'      , -70.64670822223846 , -33.427947674676900 , 7  , 1 );
INSERT INTO Emergencia(ID_Emergencia, nombreEmergencia, requerimientos, latitud_Eme, longitud_Eme, ID_Institucion, ID_Estado) VALUES ( 8  , 'Huracan'            , 'Martillo'   , -70.91916030592026 , -53.172131259070510 , 8  , 2 );
INSERT INTO Emergencia(ID_Emergencia, nombreEmergencia, requerimientos, latitud_Eme, longitud_Eme, ID_Institucion, ID_Estado) VALUES ( 9  , 'Tornado'            , 'Bicicleta'  , -70.58342143629055 , -33.412021515474290 , 9  , 0 );
INSERT INTO Emergencia(ID_Emergencia, nombreEmergencia, requerimientos, latitud_Eme, longitud_Eme, ID_Institucion, ID_Estado) VALUES ( 10 , 'Tormenta Electrica' , 'Taladro'    , -70.51716531281660 , -33.396437441186144 , 10 , 1 );
INSERT INTO Emergencia(ID_Emergencia, nombreEmergencia, requerimientos, latitud_Eme, longitud_Eme, ID_Institucion, ID_Estado) VALUES ( 11 , 'Tromba Marina'      , 'Moto'       , -70.52395036281746 , -33.449202056180150 , 11 , 2 );
INSERT INTO Emergencia(ID_Emergencia, nombreEmergencia, requerimientos, latitud_Eme, longitud_Eme, ID_Institucion, ID_Estado) VALUES ( 12 , 'Tormenta'           , 'Motosierra' , -70.82897045121574 , -33.562042524507400 , 12 , 0 );
INSERT INTO Emergencia(ID_Emergencia, nombreEmergencia, requerimientos, latitud_Eme, longitud_Eme, ID_Institucion, ID_Estado) VALUES ( 13 , 'Ventisca'           , 'Perro'      , -70.69374994577846 , -33.531254250802384 , 13 , 1 );
INSERT INTO Emergencia(ID_Emergencia, nombreEmergencia, requerimientos, latitud_Eme, longitud_Eme, ID_Institucion, ID_Estado) VALUES ( 14 , 'Incendio'           , 'Abrigos'    , -70.75981181898004 , -33.493434984194320 , 14 , 2 );
INSERT INTO Emergencia(ID_Emergencia, nombreEmergencia, requerimientos, latitud_Eme, longitud_Eme, ID_Institucion, ID_Estado) VALUES ( 15 , 'Terremoto'          , 'Colaciones' , -70.60329781451784 , -33.592279172222850 , 15 , 0 );
INSERT INTO Emergencia(ID_Emergencia, nombreEmergencia, requerimientos, latitud_Eme, longitud_Eme, ID_Institucion, ID_Estado) VALUES ( 16 , 'Torbellino'         , 'Internet'   , -70.59581059047798 , -33.457023442920146 , 16 , 1 );
INSERT INTO Emergencia(ID_Emergencia, nombreEmergencia, requerimientos, latitud_Eme, longitud_Eme, ID_Institucion, ID_Estado) VALUES ( 17 , 'Erupcion Volcanica' , 'Automovil'  , -70.64709171954624 , -33.444207766946580 , 17 , 2 );
INSERT INTO Emergencia(ID_Emergencia, nombreEmergencia, requerimientos, latitud_Eme, longitud_Eme, ID_Institucion, ID_Estado) VALUES ( 18 , 'Maremoto'           , 'Escalera'   , -70.58941516992557 , -33.451933769767230 , 18 , 0 );
INSERT INTO Emergencia(ID_Emergencia, nombreEmergencia, requerimientos, latitud_Eme, longitud_Eme, ID_Institucion, ID_Estado) VALUES ( 19 , 'Tsunami'            , 'Lancha'     , -71.57648563373550 , -33.028734770648940 , 19 , 1 );
INSERT INTO Emergencia(ID_Emergencia, nombreEmergencia, requerimientos, latitud_Eme, longitud_Eme, ID_Institucion, ID_Estado) VALUES ( 20 , 'Avalancha'          , 'Casco'      , -70.60774630373054 , -33.424938207797630 , 20 , 2 );
INSERT INTO Emergencia(ID_Emergencia, nombreEmergencia, requerimientos, latitud_Eme, longitud_Eme, ID_Institucion, ID_Estado) VALUES ( 21 , 'Alud'               , 'Linternas'  , -70.64252989629524 , -33.585902143707150 , 21 , 0 );
INSERT INTO Emergencia(ID_Emergencia, nombreEmergencia, requerimientos, latitud_Eme, longitud_Eme, ID_Institucion, ID_Estado) VALUES ( 22 , 'Corrimientos'       , 'Camion'     , -70.64505046292976 , -33.439188052276740 , 22 , 1 );
INSERT INTO Emergencia(ID_Emergencia, nombreEmergencia, requerimientos, latitud_Eme, longitud_Eme, ID_Institucion, ID_Estado) VALUES ( 23 , 'Aluviones'          , 'Bote'       , -70.72179164887092 , -33.403522719349280 , 23 , 2 );
INSERT INTO Emergencia(ID_Emergencia, nombreEmergencia, requerimientos, latitud_Eme, longitud_Eme, ID_Institucion, ID_Estado) VALUES ( 24 , 'Inundacion'         , 'Hacha'      , -70.59335645179831 , -32.853947186053580 , 24 , 0 );
INSERT INTO Emergencia(ID_Emergencia, nombreEmergencia, requerimientos, latitud_Eme, longitud_Eme, ID_Institucion, ID_Estado) VALUES ( 25 , 'Huracan'            , 'Martillo'   , -70.74551716899980 , -33.469165299248240 , 25 , 1 );
INSERT INTO Emergencia(ID_Emergencia, nombreEmergencia, requerimientos, latitud_Eme, longitud_Eme, ID_Institucion, ID_Estado) VALUES ( 26 , 'Tornado'            , 'Bicicleta'  , -70.59785685905615 , -33.585914640698770 , 26 , 2 );
INSERT INTO Emergencia(ID_Emergencia, nombreEmergencia, requerimientos, latitud_Eme, longitud_Eme, ID_Institucion, ID_Estado) VALUES ( 27 , 'Tormenta Electrica' , 'Taladro'    , -70.78679478083538 , -33.601054365440130 , 27 , 0 );
INSERT INTO Emergencia(ID_Emergencia, nombreEmergencia, requerimientos, latitud_Eme, longitud_Eme, ID_Institucion, ID_Estado) VALUES ( 28 , 'Tromba Marina'      , 'Moto'       , -70.51723411529599 , -33.380628890235760 , 28 , 1 );
INSERT INTO Emergencia(ID_Emergencia, nombreEmergencia, requerimientos, latitud_Eme, longitud_Eme, ID_Institucion, ID_Estado) VALUES ( 29 , 'Tormenta'           , 'Motosierra' , -70.64670822223846 , -33.427947674676900 , 29 , 2 );
INSERT INTO Emergencia(ID_Emergencia, nombreEmergencia, requerimientos, latitud_Eme, longitud_Eme, ID_Institucion, ID_Estado) VALUES ( 30 , 'Ventisca'           , 'Perro'      , -70.91916030592026 , -53.172131259070510 , 30 , 0 );
INSERT INTO Emergencia(ID_Emergencia, nombreEmergencia, requerimientos, latitud_Eme, longitud_Eme, ID_Institucion, ID_Estado) VALUES ( 31 , 'Incendio'           , 'Abrigos'    , -70.58342143629055 , -33.412021515474290 , 31 , 1 );
INSERT INTO Emergencia(ID_Emergencia, nombreEmergencia, requerimientos, latitud_Eme, longitud_Eme, ID_Institucion, ID_Estado) VALUES ( 32 , 'Terremoto'          , 'Colaciones' , -70.51716531281660 , -33.396437441186144 , 32 , 2 );
INSERT INTO Emergencia(ID_Emergencia, nombreEmergencia, requerimientos, latitud_Eme, longitud_Eme, ID_Institucion, ID_Estado) VALUES ( 33 , 'Torbellino'         , 'Internet'   , -70.52395036281746 , -33.449202056180150 , 33 , 0 );
INSERT INTO Emergencia(ID_Emergencia, nombreEmergencia, requerimientos, latitud_Eme, longitud_Eme, ID_Institucion, ID_Estado) VALUES ( 34 , 'Erupcion Volcanica' , 'Automovil'  , -70.82897045121574 , -33.562042524507400 , 34 , 1 );
INSERT INTO Emergencia(ID_Emergencia, nombreEmergencia, requerimientos, latitud_Eme, longitud_Eme, ID_Institucion, ID_Estado) VALUES ( 35 , 'Maremoto'           , 'Escalera'   , -70.69374994577846 , -33.531254250802384 , 35 , 2 );
INSERT INTO Emergencia(ID_Emergencia, nombreEmergencia, requerimientos, latitud_Eme, longitud_Eme, ID_Institucion, ID_Estado) VALUES ( 36 , 'Tsunami'            , 'Lancha'     , -70.75981181898004 , -33.493434984194320 , 36 , 0 );
INSERT INTO Emergencia(ID_Emergencia, nombreEmergencia, requerimientos, latitud_Eme, longitud_Eme, ID_Institucion, ID_Estado) VALUES ( 37 , 'Avalancha'          , 'Casco'      , -70.60329781451784 , -33.592279172222850 , 37 , 1 );
INSERT INTO Emergencia(ID_Emergencia, nombreEmergencia, requerimientos, latitud_Eme, longitud_Eme, ID_Institucion, ID_Estado) VALUES ( 38 , 'Alud'               , 'Linternas'  , -70.59581059047798 , -33.457023442920146 , 38 , 2 );
INSERT INTO Emergencia(ID_Emergencia, nombreEmergencia, requerimientos, latitud_Eme, longitud_Eme, ID_Institucion, ID_Estado) VALUES ( 39 , 'Corrimientos'       , 'Camion'     , -70.64709171954624 , -33.444207766946580 , 39 , 0 );
INSERT INTO Emergencia(ID_Emergencia, nombreEmergencia, requerimientos, latitud_Eme, longitud_Eme, ID_Institucion, ID_Estado) VALUES ( 40 , 'Aluviones'          , 'Bote'       , -70.58941516992557 , -33.451933769767230 , 40 , 1 );
INSERT INTO Emergencia(ID_Emergencia, nombreEmergencia, requerimientos, latitud_Eme, longitud_Eme, ID_Institucion, ID_Estado) VALUES ( 41 , 'Inundacion'         , 'Hacha'      , -71.57648563373550 , -33.028734770648940 , 41 , 2 );
INSERT INTO Emergencia(ID_Emergencia, nombreEmergencia, requerimientos, latitud_Eme, longitud_Eme, ID_Institucion, ID_Estado) VALUES ( 42 , 'Huracan'            , 'Martillo'   , -70.60774630373054 , -33.424938207797630 , 42 , 0 );
INSERT INTO Emergencia(ID_Emergencia, nombreEmergencia, requerimientos, latitud_Eme, longitud_Eme, ID_Institucion, ID_Estado) VALUES ( 43 , 'Tornado'            , 'Bicicleta'  , -70.64252989629524 , -33.585902143707150 , 43 , 1 );
INSERT INTO Emergencia(ID_Emergencia, nombreEmergencia, requerimientos, latitud_Eme, longitud_Eme, ID_Institucion, ID_Estado) VALUES ( 44 , 'Tormenta Electrica' , 'Taladro'    , -70.60329781451784 , -33.592279172222850 , 44 , 2 );
INSERT INTO Emergencia(ID_Emergencia, nombreEmergencia, requerimientos, latitud_Eme, longitud_Eme, ID_Institucion, ID_Estado) VALUES ( 45 , 'Tromba Marina'      , 'Moto'       , -70.59581059047798 , -33.457023442920146 , 45 , 0 );
INSERT INTO Emergencia(ID_Emergencia, nombreEmergencia, requerimientos, latitud_Eme, longitud_Eme, ID_Institucion, ID_Estado) VALUES ( 46 , 'Tormenta'           , 'Motosierra' , -70.64709171954624 , -33.444207766946580 , 46 , 1 );
INSERT INTO Emergencia(ID_Emergencia, nombreEmergencia, requerimientos, latitud_Eme, longitud_Eme, ID_Institucion, ID_Estado) VALUES ( 47 , 'Ventisca'           , 'Perro'      , -70.58941516992557 , -33.451933769767230 , 47 , 2 );
INSERT INTO Emergencia(ID_Emergencia, nombreEmergencia, requerimientos, latitud_Eme, longitud_Eme, ID_Institucion, ID_Estado) VALUES ( 48 , 'Incendio'           , 'Abrigos'    , -71.57648563373550 , -33.028734770648940 , 48 , 0 );
INSERT INTO Emergencia(ID_Emergencia, nombreEmergencia, requerimientos, latitud_Eme, longitud_Eme, ID_Institucion, ID_Estado) VALUES ( 49 , 'Terremoto'          , 'Colaciones' , -70.60774630373054 , -33.424938207797630 , 49 , 1 );
INSERT INTO Emergencia(ID_Emergencia, nombreEmergencia, requerimientos, latitud_Eme, longitud_Eme, ID_Institucion, ID_Estado) VALUES ( 50 , 'Torbellino'         , 'Internet'   , -70.64252989629524 , -33.585902143707150 , 50 , 2 );

INSERT INTO Tarea(ID_Tarea, nombreTarea, detalle, vol_requeridos, ID_Estado, ID_Emergencia) VALUES ( 0  , 'Buscar'     , 'Buscar Personas'           , 10 , 0 , 0  );
INSERT INTO Tarea(ID_Tarea, nombreTarea, detalle, vol_requeridos, ID_Estado, ID_Emergencia) VALUES ( 1  , 'Escombros'  , 'Retirar Escombros'         , 11 , 1 , 1  );
INSERT INTO Tarea(ID_Tarea, nombreTarea, detalle, vol_requeridos, ID_Estado, ID_Emergencia) VALUES ( 2  , 'Alimentos'  , 'Repartir Alimentos'        , 12 , 2 , 2  );
INSERT INTO Tarea(ID_Tarea, nombreTarea, detalle, vol_requeridos, ID_Estado, ID_Emergencia) VALUES ( 3  , 'Barrer'     , 'Limpiar el Edificio'       , 13 , 0 , 3  );
INSERT INTO Tarea(ID_Tarea, nombreTarea, detalle, vol_requeridos, ID_Estado, ID_Emergencia) VALUES ( 4  , 'Construir'  , 'Construir una Casa'        , 14 , 1 , 4  );
INSERT INTO Tarea(ID_Tarea, nombreTarea, detalle, vol_requeridos, ID_Estado, ID_Emergencia) VALUES ( 5  , 'Reparar'    , 'Arreglar Maquinaria'       , 10 , 2 , 5  );
INSERT INTO Tarea(ID_Tarea, nombreTarea, detalle, vol_requeridos, ID_Estado, ID_Emergencia) VALUES ( 6  , 'Limpiar'    , 'Preparar el Edificio'      , 11 , 0 , 6  );
INSERT INTO Tarea(ID_Tarea, nombreTarea, detalle, vol_requeridos, ID_Estado, ID_Emergencia) VALUES ( 7  , 'Cuidar'     , 'Cuidar niños'              , 12 , 1 , 7  );
INSERT INTO Tarea(ID_Tarea, nombreTarea, detalle, vol_requeridos, ID_Estado, ID_Emergencia) VALUES ( 8  , 'Pintar'     , 'Pintar una Casa'           , 13 , 2 , 8  );
INSERT INTO Tarea(ID_Tarea, nombreTarea, detalle, vol_requeridos, ID_Estado, ID_Emergencia) VALUES ( 9  , 'Trabajar'   , 'Trabajo Pesado'            , 14 , 0 , 9  );
INSERT INTO Tarea(ID_Tarea, nombreTarea, detalle, vol_requeridos, ID_Estado, ID_Emergencia) VALUES ( 10 , 'Secar'      , 'Sacar el Agua'             , 10 , 1 , 10 );
INSERT INTO Tarea(ID_Tarea, nombreTarea, detalle, vol_requeridos, ID_Estado, ID_Emergencia) VALUES ( 11 , 'Evacuar'    , 'Ayudar a las Personas'     , 11 , 2 , 0  );
INSERT INTO Tarea(ID_Tarea, nombreTarea, detalle, vol_requeridos, ID_Estado, ID_Emergencia) VALUES ( 12 , 'Acompañar'  , 'Personas sin Hogar'        , 12 , 0 , 1  );
INSERT INTO Tarea(ID_Tarea, nombreTarea, detalle, vol_requeridos, ID_Estado, ID_Emergencia) VALUES ( 13 , 'Apagar'     , 'Apagar un Incendio'        , 13 , 1 , 2  );
INSERT INTO Tarea(ID_Tarea, nombreTarea, detalle, vol_requeridos, ID_Estado, ID_Emergencia) VALUES ( 14 , 'Proteger'   , 'Cuidar Personas Agredidas' , 14 , 2 , 3  );
INSERT INTO Tarea(ID_Tarea, nombreTarea, detalle, vol_requeridos, ID_Estado, ID_Emergencia) VALUES ( 15 , 'Barro'      , 'Quitar Barro'              , 10 , 0 , 4  );
INSERT INTO Tarea(ID_Tarea, nombreTarea, detalle, vol_requeridos, ID_Estado, ID_Emergencia) VALUES ( 16 , 'Rescatar'   , 'Rescatar Mascotas'         , 11 , 1 , 5  );
INSERT INTO Tarea(ID_Tarea, nombreTarea, detalle, vol_requeridos, ID_Estado, ID_Emergencia) VALUES ( 17 , 'Buscar'     , 'Buscar Personas'           , 12 , 2 , 6  );
INSERT INTO Tarea(ID_Tarea, nombreTarea, detalle, vol_requeridos, ID_Estado, ID_Emergencia) VALUES ( 18 , 'Escombros'  , 'Retirar Escombros'         , 13 , 0 , 7  );
INSERT INTO Tarea(ID_Tarea, nombreTarea, detalle, vol_requeridos, ID_Estado, ID_Emergencia) VALUES ( 19 , 'Alimentos'  , 'Repartir Alimentos'        , 14 , 1 , 8  );
INSERT INTO Tarea(ID_Tarea, nombreTarea, detalle, vol_requeridos, ID_Estado, ID_Emergencia) VALUES ( 20 , 'Barrer'     , 'Limpiar el Edificio'       , 10 , 2 , 9  );
INSERT INTO Tarea(ID_Tarea, nombreTarea, detalle, vol_requeridos, ID_Estado, ID_Emergencia) VALUES ( 21 , 'Construir'  , 'Construir una Casa'        , 11 , 0 , 10 );
INSERT INTO Tarea(ID_Tarea, nombreTarea, detalle, vol_requeridos, ID_Estado, ID_Emergencia) VALUES ( 22 , 'Reparar'    , 'Arreglar Maquinaria'       , 12 , 1 , 0  );
INSERT INTO Tarea(ID_Tarea, nombreTarea, detalle, vol_requeridos, ID_Estado, ID_Emergencia) VALUES ( 23 , 'Limpiar'    , 'Preparar el Edificio'      , 13 , 2 , 1  );
INSERT INTO Tarea(ID_Tarea, nombreTarea, detalle, vol_requeridos, ID_Estado, ID_Emergencia) VALUES ( 24 , 'Cuidar'     , 'Cuidar niños'              , 14 , 0 , 2  );
INSERT INTO Tarea(ID_Tarea, nombreTarea, detalle, vol_requeridos, ID_Estado, ID_Emergencia) VALUES ( 25 , 'Pintar'     , 'Pintar una Casa'           , 10 , 1 , 3  );
INSERT INTO Tarea(ID_Tarea, nombreTarea, detalle, vol_requeridos, ID_Estado, ID_Emergencia) VALUES ( 26 , 'Trabajar'   , 'Trabajo Pesado'            , 11 , 2 , 4  );
INSERT INTO Tarea(ID_Tarea, nombreTarea, detalle, vol_requeridos, ID_Estado, ID_Emergencia) VALUES ( 27 , 'Secar'      , 'Sacar el Agua'             , 12 , 0 , 5  );
INSERT INTO Tarea(ID_Tarea, nombreTarea, detalle, vol_requeridos, ID_Estado, ID_Emergencia) VALUES ( 28 , 'Evacuar'    , 'Ayudar a las Personas'     , 13 , 1 , 6  );
INSERT INTO Tarea(ID_Tarea, nombreTarea, detalle, vol_requeridos, ID_Estado, ID_Emergencia) VALUES ( 29 , 'Acompañar'  , 'Personas sin Hogar'        , 14 , 2 , 7  );
INSERT INTO Tarea(ID_Tarea, nombreTarea, detalle, vol_requeridos, ID_Estado, ID_Emergencia) VALUES ( 30 , 'Apagar'     , 'Apagar un Incendio'        , 10 , 0 , 8  );
INSERT INTO Tarea(ID_Tarea, nombreTarea, detalle, vol_requeridos, ID_Estado, ID_Emergencia) VALUES ( 31 , 'Proteger'   , 'Cuidar Personas Agredidas' , 11 , 1 , 9  );
INSERT INTO Tarea(ID_Tarea, nombreTarea, detalle, vol_requeridos, ID_Estado, ID_Emergencia) VALUES ( 32 , 'Barro'      , 'Quitar Barro'              , 12 , 2 , 10 );
INSERT INTO Tarea(ID_Tarea, nombreTarea, detalle, vol_requeridos, ID_Estado, ID_Emergencia) VALUES ( 33 , 'Rescatar'   , 'Rescatar Mascotas'         , 13 , 0 , 0  );
INSERT INTO Tarea(ID_Tarea, nombreTarea, detalle, vol_requeridos, ID_Estado, ID_Emergencia) VALUES ( 34 , 'Buscar'     , 'Buscar Personas'           , 14 , 1 , 1  );
INSERT INTO Tarea(ID_Tarea, nombreTarea, detalle, vol_requeridos, ID_Estado, ID_Emergencia) VALUES ( 35 , 'Escombros'  , 'Retirar Escombros'         , 10 , 2 , 2  );
INSERT INTO Tarea(ID_Tarea, nombreTarea, detalle, vol_requeridos, ID_Estado, ID_Emergencia) VALUES ( 36 , 'Alimentos'  , 'Repartir Alimentos'        , 11 , 0 , 3  );
INSERT INTO Tarea(ID_Tarea, nombreTarea, detalle, vol_requeridos, ID_Estado, ID_Emergencia) VALUES ( 37 , 'Barrer'     , 'Limpiar el Edificio'       , 12 , 1 , 4  );
INSERT INTO Tarea(ID_Tarea, nombreTarea, detalle, vol_requeridos, ID_Estado, ID_Emergencia) VALUES ( 38 , 'Construir'  , 'Construir una Casa'        , 13 , 2 , 5  );
INSERT INTO Tarea(ID_Tarea, nombreTarea, detalle, vol_requeridos, ID_Estado, ID_Emergencia) VALUES ( 39 , 'Reparar'    , 'Arreglar Maquinaria'       , 14 , 0 , 6  );
INSERT INTO Tarea(ID_Tarea, nombreTarea, detalle, vol_requeridos, ID_Estado, ID_Emergencia) VALUES ( 40 , 'Limpiar'    , 'Preparar el Edificio'      , 10 , 1 , 7  );
INSERT INTO Tarea(ID_Tarea, nombreTarea, detalle, vol_requeridos, ID_Estado, ID_Emergencia) VALUES ( 41 , 'Cuidar'     , 'Cuidar niños'              , 11 , 2 , 8  );
INSERT INTO Tarea(ID_Tarea, nombreTarea, detalle, vol_requeridos, ID_Estado, ID_Emergencia) VALUES ( 42 , 'Pintar'     , 'Pintar una Casa'           , 12 , 0 , 9  );
INSERT INTO Tarea(ID_Tarea, nombreTarea, detalle, vol_requeridos, ID_Estado, ID_Emergencia) VALUES ( 43 , 'Trabajar'   , 'Trabajo Pesado'            , 13 , 1 , 10 );
INSERT INTO Tarea(ID_Tarea, nombreTarea, detalle, vol_requeridos, ID_Estado, ID_Emergencia) VALUES ( 44 , 'Secar'      , 'Sacar el Agua'             , 14 , 2 , 0  );
INSERT INTO Tarea(ID_Tarea, nombreTarea, detalle, vol_requeridos, ID_Estado, ID_Emergencia) VALUES ( 45 , 'Evacuar'    , 'Ayudar a las Personas'     , 10 , 0 , 1  );
INSERT INTO Tarea(ID_Tarea, nombreTarea, detalle, vol_requeridos, ID_Estado, ID_Emergencia) VALUES ( 46 , 'Acompañar'  , 'Personas sin Hogar'        , 11 , 1 , 2  );
INSERT INTO Tarea(ID_Tarea, nombreTarea, detalle, vol_requeridos, ID_Estado, ID_Emergencia) VALUES ( 47 , 'Apagar'     , 'Apagar un Incendio'        , 12 , 2 , 3  );
INSERT INTO Tarea(ID_Tarea, nombreTarea, detalle, vol_requeridos, ID_Estado, ID_Emergencia) VALUES ( 48 , 'Proteger'   , 'Cuidar Personas Agredidas' , 13 , 0 , 4  );
INSERT INTO Tarea(ID_Tarea, nombreTarea, detalle, vol_requeridos, ID_Estado, ID_Emergencia) VALUES ( 49 , 'Barro'      , 'Quitar Barro'              , 14 , 1 , 5  );
INSERT INTO Tarea(ID_Tarea, nombreTarea, detalle, vol_requeridos, ID_Estado, ID_Emergencia) VALUES ( 50 , 'Rescatar'   , 'Rescatar Mascotas'         , 14 , 2 , 6  );

INSERT INTO Voluntario(ID_Voluntario, nombreVoluntario, flg_participa , ubicacion , borrado , ID_Tarea ) VALUES ( 15132779 , 'Diego Avila'                  , 'No' , ST_GeomFromText('POINT(-70.64505867892976 -33.439188134551740 )' , 4326 ) , 0 , 0  );
INSERT INTO Voluntario(ID_Voluntario, nombreVoluntario, flg_participa , ubicacion , borrado , ID_Tarea ) VALUES ( 17542278 , 'Tomas Lopez'                  , 'Si' , ST_GeomFromText('POINT(-70.72172342887092 -33.403522715556532 )' , 4326 ) , 0 , 1  );
INSERT INTO Voluntario(ID_Voluntario, nombreVoluntario, flg_participa , ubicacion , borrado , ID_Tarea ) VALUES ( 20198794 , 'Oscar Aranda'                 , 'No' , ST_GeomFromText('POINT(-70.59388768179831 -32.853123386053580 )' , 4326 ) , 0 , 2  );
INSERT INTO Voluntario(ID_Voluntario, nombreVoluntario, flg_participa , ubicacion , borrado , ID_Tarea ) VALUES ( 16169871 , 'Javiera Jorquera'             , 'Si' , ST_GeomFromText('POINT(-70.74551231199980 -33.467342992485240 )' , 4326 ) , 0 , 3  );
INSERT INTO Voluntario(ID_Voluntario, nombreVoluntario, flg_participa , ubicacion , borrado , ID_Tarea ) VALUES ( 13233816 , 'Nicolas Ortiz'                , 'No' , ST_GeomFromText('POINT(-70.59781245905615 -33.585911257348770 )' , 4326 ) , 1 , 4  );
INSERT INTO Voluntario(ID_Voluntario, nombreVoluntario, Flg_participa , ubicacion , borrado , ID_Tarea ) VALUES ( 15700779 , 'Juan Zolezzi'                 , 'Si' , ST_GeomFromText('POINT(-70.64505046292976 -33.439188052276740 )' , 4326 ) , 0 , 5  );
INSERT INTO Voluntario(ID_Voluntario, nombreVoluntario, Flg_participa , ubicacion , borrado , ID_Tarea ) VALUES ( 20142278 , 'Sebastian Piñera'             , 'No' , ST_GeomFromText('POINT(-70.72179164887092 -33.403522719349280 )' , 4326 ) , 0 , 6  );
INSERT INTO Voluntario(ID_Voluntario, nombreVoluntario, Flg_participa , ubicacion , borrado , ID_Tarea ) VALUES ( 20408203 , 'Daniel Jadue'                 , 'Si' , ST_GeomFromText('POINT(-70.59335645179831 -32.853947186053580 )' , 4326 ) , 0 , 7  );
INSERT INTO Voluntario(ID_Voluntario, nombreVoluntario, Flg_participa , ubicacion , borrado , ID_Tarea ) VALUES ( 20382646 , 'Gabriel Boric'                , 'No' , ST_GeomFromText('POINT(-70.74551716899980 -33.469165299248240 )' , 4326 ) , 0 , 8  );
INSERT INTO Voluntario(ID_Voluntario, nombreVoluntario, Flg_participa , ubicacion , borrado , ID_Tarea ) VALUES ( 20186094 , 'Sebastian Sichel'             , 'Si' , ST_GeomFromText('POINT(-70.59785685905615 -33.585914640698770 )' , 4326 ) , 1 , 9  );
INSERT INTO Voluntario(ID_Voluntario, nombreVoluntario, Flg_participa , ubicacion , borrado , ID_Tarea ) VALUES ( 6704920  , 'Joaquin Lavin'                , 'No' , ST_GeomFromText('POINT(-70.78679478083538 -33.601054365440130 )' , 4326 ) , 0 , 10 );
INSERT INTO Voluntario(ID_Voluntario, nombreVoluntario, Flg_participa , ubicacion , borrado , ID_Tarea ) VALUES ( 5126663  , 'Michelle Bachelet'            , 'Si' , ST_GeomFromText('POINT(-70.51723411529599 -33.380628890235760 )' , 4326 ) , 0 , 0  );
INSERT INTO Voluntario(ID_Voluntario, nombreVoluntario, Flg_participa , ubicacion , borrado , ID_Tarea ) VALUES ( 9400544  , 'Mario Inostroza'              , 'No' , ST_GeomFromText('POINT(-70.64670822223846 -33.427947674676900 )' , 4326 ) , 0 , 1  );
INSERT INTO Voluntario(ID_Voluntario, nombreVoluntario, Flg_participa , ubicacion , borrado , ID_Tarea ) VALUES ( 16163631 , 'Roberto Gonzalez'             , 'Si' , ST_GeomFromText('POINT(-70.91916030592026 -53.172131259070510 )' , 4326 ) , 0 , 2  );
INSERT INTO Voluntario(ID_Voluntario, nombreVoluntario, Flg_participa , ubicacion , borrado , ID_Tarea ) VALUES ( 13191172 , 'Alex Tobar'                   , 'No' , ST_GeomFromText('POINT(-70.58342143629055 -33.412021515474290 )' , 4326 ) , 1 , 3  );
INSERT INTO Voluntario(ID_Voluntario, nombreVoluntario, Flg_participa , ubicacion , borrado , ID_Tarea ) VALUES ( 6373694  , 'Bryan Salgado'                , 'Si' , ST_GeomFromText('POINT(-70.51716531281660 -33.396437441186144 )' , 4326 ) , 0 , 4  );
INSERT INTO Voluntario(ID_Voluntario, nombreVoluntario, Flg_participa , ubicacion , borrado , ID_Tarea ) VALUES ( 5811892  , 'Patricio Bustos'              , 'No' , ST_GeomFromText('POINT(-70.52395036281746 -33.449202056180150 )' , 4326 ) , 0 , 5  );
INSERT INTO Voluntario(ID_Voluntario, nombreVoluntario, Flg_participa , ubicacion , borrado , ID_Tarea ) VALUES ( 13043816 , 'Luis Veas'                    , 'Si' , ST_GeomFromText('POINT(-70.82897045121574 -33.562042524507400 )' , 4326 ) , 0 , 6  );
INSERT INTO Voluntario(ID_Voluntario, nombreVoluntario, Flg_participa , ubicacion , borrado , ID_Tarea ) VALUES ( 14147578 , 'Carolina Bonacic'             , 'No' , ST_GeomFromText('POINT(-70.69374994577846 -33.531254250802384 )' , 4326 ) , 0 , 7  );
INSERT INTO Voluntario(ID_Voluntario, nombreVoluntario, Flg_participa , ubicacion , borrado , ID_Tarea ) VALUES ( 18669624 , 'Jorge Sharp'                  , 'Si' , ST_GeomFromText('POINT(-70.75981181898004 -33.493434984194320 )' , 4326 ) , 1 , 8  );
INSERT INTO Voluntario(ID_Voluntario, nombreVoluntario, Flg_participa , ubicacion , borrado , ID_Tarea ) VALUES ( 20403079 , 'Jaime Guzman'                 , 'No' , ST_GeomFromText('POINT(-70.60329781451784 -33.592279172222850 )' , 4326 ) , 0 , 9  );
INSERT INTO Voluntario(ID_Voluntario, nombreVoluntario, Flg_participa , ubicacion , borrado , ID_Tarea ) VALUES ( 19332262 , 'David Ramirez'                , 'Si' , ST_GeomFromText('POINT(-70.59581059047798 -33.457023442920146 )' , 4326 ) , 0 , 10 );
INSERT INTO Voluntario(ID_Voluntario, nombreVoluntario, Flg_participa , ubicacion , borrado , ID_Tarea ) VALUES ( 15359316 , 'Anselma Ochoa Boix'           , 'No' , ST_GeomFromText('POINT(-70.64709171954624 -33.444207766946580 )' , 4326 ) , 0 , 0  );
INSERT INTO Voluntario(ID_Voluntario, nombreVoluntario, Flg_participa , ubicacion , borrado , ID_Tarea ) VALUES ( 12018861 , 'Bibiana Ponce-Vaquero'        , 'Si' , ST_GeomFromText('POINT(-70.58941516992557 -33.451933769767230 )' , 4326 ) , 0 , 1  );
INSERT INTO Voluntario(ID_Voluntario, nombreVoluntario, Flg_participa , ubicacion , borrado , ID_Tarea ) VALUES ( 16162777 , 'Basilio Acuña Paz'            , 'No' , ST_GeomFromText('POINT(-71.57648563373550 -33.028734770648940 )' , 4326 ) , 1 , 2  );
INSERT INTO Voluntario(ID_Voluntario, nombreVoluntario, Flg_participa , ubicacion , borrado , ID_Tarea ) VALUES ( 71875500 , 'Cándido Alfonso Sanz Beltrán' , 'Si' , ST_GeomFromText('POINT(-70.60774630373054 -33.424938207797630 )' , 4326 ) , 0 , 3  );
INSERT INTO Voluntario(ID_Voluntario, nombreVoluntario, Flg_participa , ubicacion , borrado , ID_Tarea ) VALUES ( 19880129 , 'Mauricio Avilés Carpio'       , 'Si' , ST_GeomFromText('POINT(-70.64252989629524 -33.585902143707150 )' , 4326 ) , 1 , 4  );

INSERT INTO Habilidad(ID_Habilidad, nombreHabilidad, Tipo) VALUES ( 0 , 'Habilidad 1' , 'Tipo 1' );
INSERT INTO Habilidad(ID_Habilidad, nombreHabilidad, Tipo) VALUES ( 1 , 'Habilidad 1' , 'Tipo 2' );
INSERT INTO Habilidad(ID_Habilidad, nombreHabilidad, Tipo) VALUES ( 2 , 'Habilidad 1' , 'Tipo 3' );
INSERT INTO Habilidad(ID_Habilidad, nombreHabilidad, Tipo) VALUES ( 3 , 'Habilidad 1' , 'Tipo 4' );
INSERT INTO Habilidad(ID_Habilidad, nombreHabilidad, Tipo) VALUES ( 4 , 'Habilidad 1' , 'Tipo 5' );

INSERT INTO Ranking(ID_Ranking, nombreRanking, ID_Voluntario, ID_Tarea) VALUES ( 0 , 'Ranking 1' , 17542278 , 0 );
INSERT INTO Ranking(ID_Ranking, nombreRanking, ID_Voluntario, ID_Tarea) VALUES ( 1 , 'Ranking 1' , 20198794 , 1 );
INSERT INTO Ranking(ID_Ranking, nombreRanking, ID_Voluntario, ID_Tarea) VALUES ( 2 , 'Ranking 1' , 16169871 , 2 );
INSERT INTO Ranking(ID_Ranking, nombreRanking, ID_Voluntario, ID_Tarea) VALUES ( 3 , 'Ranking 1' , 13233816 , 3 );
INSERT INTO Ranking(ID_Ranking, nombreRanking, ID_Voluntario, ID_Tarea) VALUES ( 4 , 'Ranking 1' , 15700779 , 4 );

INSERT INTO Vol_Habilidad(ID_Vol_Habilidad, ID_Voluntario, ID_Habilidad) VALUES ( 0 , 17542278 , 0 );
INSERT INTO Vol_Habilidad(ID_Vol_Habilidad, ID_Voluntario, ID_Habilidad) VALUES ( 1 , 20198794 , 1 );
INSERT INTO Vol_Habilidad(ID_Vol_Habilidad, ID_Voluntario, ID_Habilidad) VALUES ( 2 , 16169871 , 2 );
INSERT INTO Vol_Habilidad(ID_Vol_Habilidad, ID_Voluntario, ID_Habilidad) VALUES ( 3 , 13233816 , 3 );
INSERT INTO Vol_Habilidad(ID_Vol_Habilidad, ID_Voluntario, ID_Habilidad) VALUES ( 4 , 15700779 , 4 );

INSERT INTO Eme_Habilidad(ID_Eme_Habilidad, ID_Emergencia, ID_Habilidad) VALUES ( 0 , 0 , 0 );
INSERT INTO Eme_Habilidad(ID_Eme_Habilidad, ID_Emergencia, ID_Habilidad) VALUES ( 1 , 1 , 1 );
INSERT INTO Eme_Habilidad(ID_Eme_Habilidad, ID_Emergencia, ID_Habilidad) VALUES ( 2 , 2 , 2 );
INSERT INTO Eme_Habilidad(ID_Eme_Habilidad, ID_Emergencia, ID_Habilidad) VALUES ( 3 , 3 , 3 );
INSERT INTO Eme_Habilidad(ID_Eme_Habilidad, ID_Emergencia, ID_Habilidad) VALUES ( 4 , 4 , 4 );

INSERT INTO Tarea_Habilidad(ID_Tarea_Habilidad, ID_Tarea, ID_Habilidad) VALUES ( 0 , 0 , 0 );
INSERT INTO Tarea_Habilidad(ID_Tarea_Habilidad, ID_Tarea, ID_Habilidad) VALUES ( 1 , 1 , 1 );
INSERT INTO Tarea_Habilidad(ID_Tarea_Habilidad, ID_Tarea, ID_Habilidad) VALUES ( 2 , 2 , 2 );
INSERT INTO Tarea_Habilidad(ID_Tarea_Habilidad, ID_Tarea, ID_Habilidad) VALUES ( 3 , 3 , 3 );
INSERT INTO Tarea_Habilidad(ID_Tarea_Habilidad, ID_Tarea, ID_Habilidad) VALUES ( 4 , 4 , 4 );